{
  "pairs_counts": {
    "layer_0_du_dx": 372,
    "layer_0_du_dy": 397,
    "layer_3_du_dx": 0,
    "layer_3_du_dy": 0
  },
  "triplets_counts": {
    "layer_0_d2u_dx2": 10,
    "layer_0_d2u_dy2": 10,
    "layer_0_laplacian": 10
  },
  "product_stats": {
    "product_dx_sum": -4.447907447814941,
    "product_dy_sum": -4.560054779052734,
    "product_dx_mean": -0.06949855387210846,
    "product_dy_mean": -0.07125085592269897,
    "frac_negative_dx": 0.90625,
    "frac_negative_dy": 0.96875
  },
  "top_pairs": {
    "layer_0_du_dx": [
      {
        "neuron_i": 5,
        "neuron_j": 15,
        "cos_sim": 0.9956691861152649,
        "bias_i": 0.11181694269180298,
        "bias_j": 0.02625289000570774,
        "bias_diff": 0.08556405454874039,
        "effective_h": 0.3428821265697479,
        "probe_w_i": 1.1095150709152222,
        "probe_w_j": -0.9536136984825134,
        "diff_strength": 2.063128709793091,
        "weight_ratio": -1.163484811782837,
        "w_norm_i": 0.1948697715997696,
        "w_norm_j": 0.30421751737594604
      },
      {
        "neuron_i": 5,
        "neuron_j": 54,
        "cos_sim": -0.9812631011009216,
        "bias_i": 0.11181694269180298,
        "bias_j": -0.13284948468208313,
        "bias_diff": 0.2446664273738861,
        "effective_h": 1.0121419429779053,
        "probe_w_i": 1.1095150709152222,
        "probe_w_j": -0.8207723498344421,
        "diff_strength": 1.9302873611450195,
        "weight_ratio": -1.351793885231018,
        "w_norm_i": 0.1948697715997696,
        "w_norm_j": 0.2885929346084595
      },
      {
        "neuron_i": 5,
        "neuron_j": 34,
        "cos_sim": -0.9839962124824524,
        "bias_i": 0.11181694269180298,
        "bias_j": -0.05749211832880974,
        "bias_diff": 0.16930906474590302,
        "effective_h": 0.6853223443031311,
        "probe_w_i": 1.1095150709152222,
        "probe_w_j": -0.8046625256538391,
        "diff_strength": 1.914177656173706,
        "weight_ratio": -1.3788576126098633,
        "w_norm_i": 0.1948697715997696,
        "w_norm_j": 0.2992307245731354
      },
      {
        "neuron_i": 15,
        "neuron_j": 16,
        "cos_sim": 0.9942594766616821,
        "bias_i": 0.02625289000570774,
        "bias_j": 0.053810011595487595,
        "bias_diff": 0.027557121589779854,
        "effective_h": 0.14511477947235107,
        "probe_w_i": -0.9536136984825134,
        "probe_w_j": 0.9335173964500427,
        "diff_strength": 1.8871310949325562,
        "weight_ratio": -1.0215275287628174,
        "w_norm_i": 0.30421751737594604,
        "w_norm_j": 0.07558004558086395
      },
      {
        "neuron_i": 5,
        "neuron_j": 29,
        "cos_sim": 0.936506986618042,
        "bias_i": 0.11181694269180298,
        "bias_j": 0.005941642913967371,
        "bias_diff": 0.10587529838085175,
        "effective_h": 0.424882709980011,
        "probe_w_i": 1.1095150709152222,
        "probe_w_j": -0.7525971531867981,
        "diff_strength": 1.862112283706665,
        "weight_ratio": -1.4742482900619507,
        "w_norm_i": 0.1948697715997696,
        "w_norm_j": 0.30350446701049805
      }
    ],
    "layer_0_du_dy": [
      {
        "neuron_i": 27,
        "neuron_j": 53,
        "cos_sim": -0.9027581214904785,
        "bias_i": 0.1601312756538391,
        "bias_j": -0.02201981656253338,
        "bias_diff": 0.18215109407901764,
        "effective_h": 4.171103000640869,
        "probe_w_i": 0.8202798962593079,
        "probe_w_j": -0.9529955387115479,
        "diff_strength": 1.773275375366211,
        "weight_ratio": -0.8607384562492371,
        "w_norm_i": 0.019745977595448494,
        "w_norm_j": 0.06759355962276459
      },
      {
        "neuron_i": 37,
        "neuron_j": 53,
        "cos_sim": 0.937042236328125,
        "bias_i": 0.06141850724816322,
        "bias_j": -0.02201981656253338,
        "bias_diff": 0.08343832194805145,
        "effective_h": 1.924513816833496,
        "probe_w_i": 0.8076278567314148,
        "probe_w_j": -0.9529955387115479,
        "diff_strength": 1.7606234550476074,
        "weight_ratio": -0.8474623560905457,
        "w_norm_i": 0.019117500633001328,
        "w_norm_j": 0.06759355962276459
      },
      {
        "neuron_i": 26,
        "neuron_j": 53,
        "cos_sim": -0.9247786998748779,
        "bias_i": 0.041207265108823776,
        "bias_j": -0.02201981656253338,
        "bias_diff": 0.063227079808712,
        "effective_h": 0.4413636028766632,
        "probe_w_i": 0.6727875471115112,
        "probe_w_j": -0.9529955387115479,
        "diff_strength": 1.625783085823059,
        "weight_ratio": -0.705971360206604,
        "w_norm_i": 0.21891433000564575,
        "w_norm_j": 0.06759355962276459
      },
      {
        "neuron_i": 0,
        "neuron_j": 13,
        "cos_sim": 0.9992226362228394,
        "bias_i": -0.0558517687022686,
        "bias_j": 0.06103473901748657,
        "bias_diff": 0.11688651144504547,
        "effective_h": 0.7891332507133484,
        "probe_w_i": -0.777901828289032,
        "probe_w_j": 0.8397225141525269,
        "diff_strength": 1.617624282836914,
        "weight_ratio": -0.9263796210289001,
        "w_norm_i": 0.21883730590343475,
        "w_norm_j": 0.07740294188261032
      },
      {
        "neuron_i": 16,
        "neuron_j": 38,
        "cos_sim": -0.877596378326416,
        "bias_i": 0.053810011595487595,
        "bias_j": -0.08172144740819931,
        "bias_diff": 0.1355314552783966,
        "effective_h": 1.3546497821807861,
        "probe_w_i": 0.805638313293457,
        "probe_w_j": -0.8040441870689392,
        "diff_strength": 1.609682559967041,
        "weight_ratio": -1.0019826889038086,
        "w_norm_i": 0.07558004558086395,
        "w_norm_j": 0.12451809644699097
      }
    ]
  },
  "top_triplets": {
    "layer_0_d2u_dx2": [
      {
        "neurons": [
          54,
          7,
          35
        ],
        "biases": [
          -0.13284948468208313,
          -0.0157232154160738,
          0.09850425273180008
        ],
        "probe_weights": [
          -0.5672349333763123,
          1.0009359121322632,
          -0.8442699909210205
        ],
        "gap1": 0.11712627112865448,
        "gap2": 0.11422746628522873,
        "evenness": 0.9752506017684937,
        "middle_to_outer_ratio": 1.4182534217834473,
        "ideal_ratio_deviation": 0.5817465782165527,
        "quality": 1.668386697769165,
        "strength": 2.412440776824951
      },
      {
        "neurons": [
          54,
          7,
          14
        ],
        "biases": [
          -0.13284948468208313,
          -0.0157232154160738,
          0.12034736573696136
        ],
        "probe_weights": [
          -0.5672349333763123,
          1.0009359121322632,
          -0.5233227014541626
        ],
        "gap1": 0.11712627112865448,
        "gap2": 0.13607057929039001,
        "evenness": 0.860775887966156,
        "middle_to_outer_ratio": 1.8356406688690186,
        "ideal_ratio_deviation": 0.16435933113098145,
        "quality": 1.6523586511611938,
        "strength": 2.091493606567383
      },
      {
        "neurons": [
          54,
          7,
          33
        ],
        "biases": [
          -0.13284948468208313,
          -0.0157232154160738,
          0.09130420535802841
        ],
        "probe_weights": [
          -0.5672349333763123,
          1.0009359121322632,
          -0.9240749478340149
        ],
        "gap1": 0.11712627112865448,
        "gap2": 0.10702741891145706,
        "evenness": 0.9137780666351318,
        "middle_to_outer_ratio": 1.3423579931259155,
        "ideal_ratio_deviation": 0.6576420068740845,
        "quality": 1.5285158157348633,
        "strength": 2.492245674133301
      }
    ],
    "layer_0_d2u_dy2": [
      {
        "neurons": [
          36,
          1,
          63
        ],
        "biases": [
          -0.12220815569162369,
          -0.039973072707653046,
          0.043752990663051605
        ],