{
  "corr_wx_dudx": -0.6959024287566468,
  "corr_wy_dudy": -0.7526913154063877,
  "corr_wx_dudy": 0.028302043866727952,
  "corr_wy_dudx": 0.03429753256702876
}