{
  "baseline_4L64_tanh": {
    "training_info": {
      "name": "baseline_4L64_tanh",
      "hidden_dims": [
        64,
        64,
        64,
        64
      ],
      "activation": "tanh",
      "n_params": 12737,
      "relative_l2_error": 0.00995,
      "training_time_s": 0
    },
    "probe_results": {
      "layer_0": {
        "du_dx": {
          "r_squared": 0.7845232486724854
        },
        "du_dy": {
          "r_squared": 0.788300633430481
        },
        "d2u_dx2": {
          "r_squared": -0.13548052310943604
        },
        "d2u_dy2": {
          "r_squared": -0.10480809211730957
        },
        "laplacian": {
          "r_squared": -0.4061582088470459
        }
      },
      "layer_1": {
        "du_dx": {
          "r_squared": 0.7965366244316101
        },
        "du_dy": {
          "r_squared": 0.7959253787994385
        },
        "d2u_dx2": {
          "r_squared": 0.05665689706802368
        },
        "d2u_dy2": {
          "r_squared": 0.04217416048049927
        },
        "laplacian": {
          "r_squared": -0.043079376220703125
        }
      },
      "layer_2": {
        "du_dx": {
          "r_squared": 0.8219398260116577
        },
        "du_dy": {
          "r_squared": 0.8074923753738403
        },
        "d2u_dx2": {
          "r_squared": 0.2016189694404602
        },
        "d2u_dy2": {
          "r_squared": 0.19384551048278809
        },
        "laplacian": {
          "r_squared": 0.18748188018798828
        }
      },
      "layer_3": {
        "du_dx": {
          "r_squared": 0.912379264831543
        },
        "du_dy": {
          "r_squared": 0.8926059007644653
        },
        "d2u_dx2": {
          "r_squared": 0.46364784240722656
        },
        "d2u_dy2": {
          "r_squared": 0.501226544380188
        },
        "laplacian": {
          "r_squared": 0.342390239238739
        }
      }
    }
  },
  "shallow_2L": {
    "training_info": {
      "name": "shallow_2L",
      "hidden_dims": [
        64,
        64
      ],
      "activation": "tanh",
      "n_params": 4417,
      "final_loss": 0.006558903492987156,
      "relative_l2_error": 0.0767,
      "training_time_s": 527.9687602519989
    },
    "probe_results": {
      "layer_0": {
        "du_dx": {
          "r_squared": 0.7617253065109253,
          "mse": 0.5876842141151428
        },
        "du_dy": {
          "r_squared": 0.7570092082023621,
          "mse": 0.5993159413337708
        },
        "d2u_dx2": {
          "r_squared": -0.049422621726989746,
          "mse": 9.077762603759766
        },
        "d2u_dy2": {
          "r_squared": -0.07359790802001953,
          "mse": 9.286884307861328
        },
        "laplacian": {
          "r_squared": -0.25704288482666016,
          "mse": 43.494911193847656
        }
      },
      "layer_1": {
        "du_dx": {
          "r_squared": 0.8495548963546753,
          "mse": 0.3710598945617676
        },
        "du_dy": {
          "r_squared": 0.8298971652984619,
          "mse": 0.4195440411567688
        },
        "d2u_dx2": {
          "r_squared": 0.31125277280807495,
          "mse": 5.957831859588623
        },
        "d2u_dy2": {
          "r_squared": 0.2824282646179199,
          "mse": 6.2071709632873535
        },
        "laplacian": {
          "r_squared": 0.22855687141418457,
          "mse": 26.69268798828125
        }
      }
    }
  },
  "deep_6L": {
    "training_info": {
      "name": "deep_6L",
      "hidden_dims": [
        64,
        64,
        64,
        64,
        64,
        64
      ],
      "activation": "tanh",
      "n_params": 21057,
      "final_loss": 0.012111252173781395,
      "relative_l2_error": 0.0787,
      "training_time_s": 1397.3249192237854
    },
    "probe_results": {
      "layer_0": {
        "du_dx": {
          "r_squared": 0.6514370441436768,
          "mse": 0.8597007989883423
        },
        "du_dy": {
          "r_squared": 0.6423578858375549,
          "mse": 0.8820935487747192
        },
        "d2u_dx2": {
          "r_squared": -0.3534008264541626,
          "mse": 11.70724868774414
        },
        "d2u_dy2": {
          "r_squared": -0.32336437702178955,
          "mse": 11.44742488861084
        },
        "laplacian": {
          "r_squared": -0.7163454294204712,
          "mse": 59.387229919433594
        }
      },
      "layer_1": {
        "du_dx": {
          "r_squared": 0.7391785383224487,
          "mse": 0.6432937383651733
        },
        "du_dy": {
          "r_squared": 0.7441039681434631,
          "mse": 0.6311455368995667
        },
        "d2u_dx2": {
          "r_squared": -0.33022868633270264,
          "mse": 11.506803512573242
        },
        "d2u_dy2": {
          "r_squared": -0.27497947216033936,
          "mse": 11.028883934020996
        },
        "laplacian": {
          "r_squared": -0.5760033130645752,
          "mse": 54.53125762939453
        }
      },
      "layer_2": {
        "du_dx": {
          "r_squared": 0.7777180671691895,
          "mse": 0.5482394099235535
        },
        "du_dy": {
          "r_squared": 0.788844645023346,
          "mse": 0.5207964777946472
        },
        "d2u_dx2": {
          "r_squared": -0.018902182579040527,
          "mse": 8.813753128051758
        },
        "d2u_dy2": {
          "r_squared": -0.019587397575378418,
          "mse": 8.819680213928223
        },
        "laplacian": {
          "r_squared": -0.2168278694152832,
          "mse": 42.10343551635742
        }
      },
      "layer_3": {
        "du_dx": {
          "r_squared": 0.7981693744659424,
          "mse": 0.4977979362010956
        },
        "du_dy": {
          "r_squared": 0.8033832907676697,
          "mse": 0.4849381744861603
        },
        "d2u_dx2": {
          "r_squared": 0.13828665018081665,
          "mse": 7.454031467437744
        },
        "d2u_dy2": {
          "r_squared": 0.13494336605072021,
          "mse": 7.482951641082764
        },
        "laplacian": {
          "r_squared": 0.010417044162750244,
          "mse": 34.240535736083984
        }
      },
      "layer_4": {
        "du_dx": {
          "r_squared": 0.8070245981216431,
          "mse": 0.47595733404159546
        },
        "du_dy": {
          "r_squared": 0.8206703662872314,
          "mse": 0.44230106472969055
        },
        "d2u_dx2": {
          "r_squared": 0.2682272791862488,
          "mse": 6.330012798309326
        },
        "d2u_dy2": {
          "r_squared": 0.27151697874069214,
          "mse": 6.30155611038208
        },
        "laplacian": {
          "r_squared": 0.2182023525238037,
          "mse": 27.050962448120117
        }
      },
      "layer_5": {
        "du_dx": {
          "r_squared": 0.8250081539154053,
          "mse": 0.4316023290157318
        },
        "du_dy": {
          "r_squared": 0.8706653118133545,
          "mse": 0.3189929723739624
        },
        "d2u_dx2": {
          "r_squared": 0.435530424118042,
          "mse": 4.8827996253967285
        },
        "d2u_dy2": {
          "r_squared": 0.37960362434387207,
          "mse": 5.366580486297607
        },
        "laplacian": {
          "r_squared": 0.22808784246444702,
          "mse": 26.70891571044922
        }
      }
    }
  },
  "wide_128": {
    "training_info": {
      "name": "wide_128",
      "hidden_dims": [
        128,
        128,
        128,
        128
      ],
      "activation": "tanh",
      "n_params": 50049,
      "final_loss": 0.01444198377430439,
      "relative_l2_error": 0.0593,
      "training_time_s": 1905.862080335617
    },
    "probe_results": {
      "layer_0": {
        "du_dx": {
          "r_squared": 0.7349560856819153,
          "mse": 0.6537081003189087
        },
        "du_dy": {
          "r_squared": 0.7418163418769836,
          "mse": 0.6367877721786499
        },
        "d2u_dx2": {
          "r_squared": -0.22228991985321045,
          "mse": 10.573105812072754
        },